{"cameraMode":{"drawMode":0,"name":"Shaded","section":"Shading Mode"},"sceneLighting":true,"audioPlay":false,"sceneViewState":{"showFog":true,"showMaterialUpdate":false,"showSkybox":true,"showFlares":true,"showImageEffects":true,"showParticleSystems":true},"in2DMode":false,"pivot":{"x":302.575927734375,"y":787.086669921875,"z":-13.008719444274903},"rotation":{"x":0.03659895434975624,"y":-0.0007080310606397688,"z":0.0001314492110395804,"w":0.9996420741081238},"size":1481.1845703125,"orthographic":false}