{"cameraMode":{"drawMode":0,"name":"Shaded","section":"Shading Mode"},"sceneLighting":false,"audioPlay":false,"sceneViewState":{"showFog":true,"showMaterialUpdate":false,"showSkybox":false,"showFlares":true,"showImageEffects":true,"showParticleSystems":true},"in2DMode":false,"pivot":{"x":0.02018296718597412,"y":1.4273011684417725,"z":0.279834508895874},"rotation":{"x":0.02647016942501068,"y":-0.9737859964370728,"z":0.18337218463420869,"w":0.13389281928539277},"size":2.9562458992004396,"orthographic":false}