{"cameraMode":{"drawMode":0,"name":"Shaded","section":"Shading Mode"},"sceneLighting":false,"audioPlay":false,"sceneViewState":{"showFog":true,"showMaterialUpdate":false,"showSkybox":false,"showFlares":true,"showImageEffects":true,"showParticleSystems":true},"in2DMode":false,"pivot":{"x":2.0,"y":0.3053733706474304,"z":-2.7899999618530275},"rotation":{"x":0.3370693325996399,"y":0.00792357511818409,"z":-0.002818490844219923,"w":0.9414615035057068},"size":2.8578836917877199,"orthographic":false}