{"cameraMode":{"drawMode":0,"name":"Shaded","section":"Shading Mode"},"sceneLighting":false,"audioPlay":false,"sceneViewState":{"showFog":true,"showMaterialUpdate":false,"showSkybox":false,"showFlares":true,"showImageEffects":true,"showParticleSystems":true},"in2DMode":false,"pivot":{"x":-1.6151963472366334,"y":2.4754433631896974,"z":1.5999598503112794},"rotation":{"x":0.43003571033477785,"y":-0.016499454155564309,"z":0.007844391278922558,"w":0.9026510715484619},"size":14.108192443847657,"orthographic":false}