{"cameraMode":{"drawMode":0,"name":"Shaded","section":"Shading Mode"},"sceneLighting":false,"audioPlay":false,"sceneViewState":{"showFog":true,"showMaterialUpdate":false,"showSkybox":false,"showFlares":true,"showImageEffects":true,"showParticleSystems":true},"in2DMode":false,"pivot":{"x":0.02018296718597412,"y":1.4273011684417725,"z":0.279834508895874},"rotation":{"x":-0.044207941740751269,"y":0.9523340463638306,"z":-0.25783035159111025,"w":-0.1586250513792038},"size":8.25350570678711,"orthographic":false}